time,z_normalized
0.05,-0.48472504158399543
0.05,-0.4968817731507149
0.05,-0.514133976071447
0.05,-0.5361929680662414
0.05,-0.5625547007097922
0.05,-0.592398949746372
0.05,-0.6245022521800093
0.05,-0.6572883111170174
0.05,-0.6886905280136368
0.05,-0.7165873172251676
0.05,-0.7387883592307305
0.05,-0.753378270014159
0.05,-0.758780752681767
0.05,-0.7536028006763417
0.05,-0.7387837769723187
0.05,-0.7183789802642133
0.05,-0.69503237365568
0.05,-0.6697016491548025
0.05,-0.6432436890846023
0.05,-0.6164832999592178
0.059,-0.585786750858028
0.061,-0.5604056215146198
0.064,-0.5360371712802374
0.066,-0.5010607928223505
0.053,-0.47511146343586896
0.05,-0.4504085083374193
0.053,-0.42274999656330614
0.05,-0.39302030398702326
0.057,-0.35801184972025335
0.05,-0.31869149028790345
0.051,-0.27872961467789026
0.05,-0.23442834035182591
0.057,-0.18658498027337755
0.05,-0.13192321967805065
0.05,-0.08096392387952345
0.054,-0.02440052604326559
0.05,0.028808658635494977
0.05,0.08212781751614084
0.051,0.1363038587198082
0.05,0.18848203525589624
0.05,0.2397895826937264
0.05,0.28993781875335056
0.05,0.3385372514697591
0.05,0.3850838324176451
0.05,0.4289360454193454
0.05,0.4693790581626056
0.05,0.5056934560767619
0.05,0.537228558467326
0.053,0.564763349264318
0.056,0.5868773283600555
0.05,0.6008761278083512
0.05,0.6090096364894402
0.05,0.6114978028070917
0.05,0.608313133210834
0.05,0.5983879614907004
0.051,0.580590469818955
0.05,0.5537842581094516
0.058,0.5310700031617583
0.056,0.4665288934304159
0.05,0.41283398935999593
0.051,0.3530034412760672
0.05,0.28890222835226553
0.05,0.2272845994877033
0.056,0.16550659157872527
0.05,0.12048590268199555
0.05,0.08861171316895256
0.05,0.07085087956450176
0.054,0.06737752768829641
0.051,0.0757264025147435
0.05,0.08945026645832677
0.05,0.10453506115023825
0.05,0.1182039379928792
0.05,0.1287752081490885
0.05,0.13538282477902075
0.05,0.13769686527702052
0.05,0.1356531780253214
0.05,0.12850943716119945
0.05,0.11531253293498245
0.05,0.09543927820265452
0.05,0.06856433261697381
0.05,0.03469227843634992
0.05,-0.005700329464380149
0.05,-0.051522913583188945
0.05,-0.10104796249879755
0.05,-0.15204391636461934
0.05,-0.20203635563824018
0.05,-0.2486516704623044
0.05,-0.28995614778699863
0.05,-0.32466217299858424
0.05,-0.352247368638107
0.05,-0.3728492024579234
0.05,-0.38722374709599394
0.05,-0.39653031393052385
0.05,-0.4021389982266662
0.05,-0.4051312129696245
0.05,-0.40628594208941826
0.05,-0.40628135983100655
0.05,-0.4058277162482301
0.05,-0.4056581726869909
0.05,-0.40645548565065803
0.05,-0.40878327292389316
0.05,-0.4129852038875881
0.05,-0.4191208479010968
0.05,-0.42689694042605864
0.05,-0.43571778786892923
0.05,-0.44475400145715815
0.05,-0.4530845472499575
0.05,-0.459852542924306
0.05,-0.4643339916511253
0.05,-0.46628603373458677
0.05,-0.46645099503741416
0.05,-0.46531917720967986
0.05,-0.46310136413832925
0.05,-0.4598433784074819
0.05,-0.4554856506577831
0.05,-0.44988154862005303
0.05,-0.4429898319685841
0.05,-0.43484257651225977
0.05,-0.42553142741931815
0.05,-0.4151571943748198
0.05,-0.40377486447970756
0.05,-0.39118281836385915
0.05,-0.37724358827491744
0.05,-0.3619159338871758
0.05,-0.3452731713352246
0.05,-0.32749859095553857
0.05,-0.30883505244394793
0.05,-0.28955749130516506
0.05,-0.2699133494934316
0.05,-0.2500538415363396
0.05,-0.23012101744465818
0.05,-0.2101194594767981
0.05,-0.19004000311593583
0.05,-0.169836825777953
0.05,-0.14949159842920223
0.05,-0.12900890332809456
0.05,-0.10842081628351352
0.05,-0.08783272923893304
0.05,-0.0673866922051205
0.05,-0.04725683100172773
0.05,-0.02763101822364189
0.05,-0.008752113566692588
0.05,0.00914618779011378
0.05,0.02586226647665546
0.05,0.04125865474057533
0.05,0.05525745418887107
0.05,0.06800529709072389
0.05,0.07975878991719854
0.05,0.09065540042065101
0.05,0.10076386247726021
0.05,0.11012083415432117
0.05,0.11870798641818614
0.05,0.12647949668473557
0.05,0.1333712133362046
0.05,0.1393052379795907
0.05,0.1441899254466552
0.05,0.14792904831075027
0.05,0.15043554366204925
0.05,0.1516177663323146
0.05,0.15138865341172036
0.05,0.1496382306983821
0.05,0.14581662718287314
0.05,0.13909445409264398
0.05,0.12879353718273556
0.05,0.11444190383672481
0.05,0.09581502339242887
0.05,0.07296330069237889
0.05,0.046234987375878056
0.05,0.016257852845353193
0.05,-0.01606539799205453
0.05,-0.049635023117493904
0.05,-0.08323672405181626
0.05,-0.11561037973175492
0.05,-0.1455920965206916
0.05,-0.17221501789371918
0.05,-0.1947001599208189
0.05,-0.2122502096383223
0.05,-0.22394413310544237
0.05,-0.22893879477439272
0.05,-0.22666141234368808
0.05,-0.21770767940687252
0.05,-0.20592669302992672
0.05,-0.1938982646987394
0.05,-0.18268547836486693
0.05,-0.17283362277932313
0.05,-0.16432436890846047
0.05,-0.15642455540637756
0.05,-0.14834603382623202
0.05,-0.1394839460576539
0.05,-0.1295037872365774
0.05,-0.11836889929570715
0.05,-0.10630839515563639
0.05,-0.0936567796804334
0.05,-0.08046903997104005
0.05,-0.06673601151063324
0.05,-0.05255392172586182
0.05,-0.03807856740273008
0.05,-0.023534479203420333
0.05,-0.009173681340585604
0.05,0.004733472939472794
0.05,0.017847896514275652
0.05,0.029926729687994147
0.05,0.040740859540032925
0.05,0.05008408444185797
0.05,0.057718126956051385
0.053,0.06367048063308456
0.053,0.06727213574482316
0.051,0.0683718777636746
0.05,0.06714841476770217
0.05,0.06368422740832025
0.05,0.058075543112177996
0.05,0.050111577992329126
0.05,0.03920580297205278
0.05,0.024959561569514843
0.05,0.00699710859494207
0.05,-0.014851099512906085
0.05,-0.04056673372038144
0.05,-0.06987944078118369
0.05,-0.1022530964611218
0.05,-0.1368537297292346
0.05,-0.17260450985872922
0.05,-0.2082407335279265
0.05,-0.24241979902214628
0.05,-0.27388158527812034
0.05,-0.3015721728611165
0.05,-0.32447430040369685
0.05,-0.3411033161804127
0.05,-0.3497454555452204
0.05,-0.3487785990203135
0.05,-0.33822565789775183
0.05,-0.3229209148020695
0.05,-0.3055266618705694
0.05,-0.2873580072674622
0.05,-0.269514693011598
0.05,-0.25278028529140883
0.051,-0.23748928897096233
0.05,-0.22425114441903848
0.05,-0.21217231124532066
0.05,-0.19973147965706384
0.05,-0.1862046528251915
0.05,-0.17159641300811534
0.05,-0.15636040378861116
0.05,-0.14112439456910764
0.05,-0.12648407894314795
0.05,-0.11290226501033329
0.05,-0.10065388827537569
0.05,-0.08984434068174851
0.05,-0.08038655931962657
0.05,-0.07198269739223673
0.05,-0.06411954195744918
0.05,-0.05638468975819422
0.05,-0.048434471413580815
0.05,-0.0399985336773081
0.05,-0.030765282977368247
0.05,-0.020514770909990876
0.05,-0.0092378329583519
0.05,0.002900569574720402
0.05,0.015588843117218643
0.05,0.028442077962544277
0.05,0.04106619988727611
0.05,0.0530854637016398
0.05,0.06418827583362718
0.05,0.07417759917152744
0.05,0.08297553532233892
0.05,0.0906370713870035
0.05,0.09732258640993785
0.05,0.10327494008697102
0.05,0.10879197921487593
0.05,0.11418529736565919
0.05,0.11974815907768299
0.05,0.12572800630518732
0.05,0.13231271164306024
0.05,0.13960308477636274
0.05,0.1476495305476253
0.05,0.15642913766478928
0.05,0.16590524806055895
0.05,0.17599079882510882
0.05,0.18656665123972993
0.05,0.19745867948477058
0.05,0.20845609967328516
0.05,0.21932063436785443
0.05,0.22983691742312096
0.05,0.2397758359184905
0.05,0.24853253174359513
0.05,0.25474607415010553
0.05,0.2573992017705844
0.05,0.255987866179725
0.05,0.2504433335013492
0.05,0.2412879811944113
0.05,0.22917707221181005
0.05,0.21490791951721278
0.05,0.19927325381587568
0.05,0.1829054267686372
0.05,0.16623058840780258
0.05,0.14940911777778765
0.05,0.13238144551923825
0.05,0.11488180064426534
0.05,0.09654818473833005
0.05,0.07692237196024432
0.05,0.055720262288471156
0.05,0.03260735085894395
0.05,0.007482827986601492
0.05,-0.019671635362204953
0.05,-0.0487323182103534
0.05,-0.07943803182836728
0.05,-0.11139011973441237
0.05,-0.1440845335031824
0.05,-0.17691183276589706
0.05,-0.2092030077944217
0.05,-0.24026155531015037
0.05,-0.26945970591065516
0.05,-0.29633465149633653
0.05,-0.32066186140501196
0.05,-0.3425513098385672
0.05,-0.3621404645493578
0.05,-0.3800066900972814
0.05,-0.39678233814317754
0.05,-0.41315016519041603
0.05,-0.42976085193348423
0.05,-0.44709095324721737
0.05,-0.465387911085858
0.063,-0.4781220072124749
0.05,-0.5048549027873876
0.05,-0.5250305865748993
0.053,-0.5432038234364189
0.058,-0.5590080326989963
0.054,-0.5762648178781395
0.056,-0.5894571398459447
0.05,-0.5930358836656235
0.054,-0.5903690092699089
0.05,-0.5842425297732241
0.051,-0.5758020097785397
0.05,-0.565446105767689
0.05,-0.5536834484243907
0.05,-0.5403124183785222
0.05,-0.5248656252720718
0.05,-0.5069673239152649
0.05,-0.4863013384776822
0.05,-0.46280809959996905
0.05,-0.4366754798770126
0.05,-0.4083479583747649
0.05,-0.3784578867540658
0.05,-0.34772467958558073
0.05,-0.31682651111426774
0.05,-0.2862857587990819
0.05,-0.25637735814473517
0.05,-0.22709214463440464
0.05,-0.1981322714713173
0.05,-0.16901660152222642
0.05,-0.1394793637992422
0.05,-0.10941058410047977
0.05,-0.0788331737179987
0.05,-0.04785252459527223
0.05,-0.01664734481036312
0.05,0.014557834974545436
0.05,0.04552473732203666
0.05,0.07602424931151552
0.05,0.1057172838205036
0.05,0.13420976662557882
0.05,0.1611626106042623
0.05,0.1863741963864307
0.05,0.20965665137719758
0.05,0.2308587610489703
0.05,0.24987513345827628
0.05,0.26663703472893663
0.05,0.2811353003441277
0.05,0.2933057786860831
0.05,0.3031759633052744
0.05,0.3110482832568855
0.051,0.3172068385624538
0.05,0.32188074214257223
0.05,0.3250333359299462
0.05,0.3268158344521679
0.05,0.32726947803494433
0.05,0.32621555860021156
0.05,0.3230217244871305
0.05,0.31719767404563015
0.05,0.30851429435511557
0.05,0.29699907896605926
0.05,0.2828169891812877
0.05,0.26622921373027886
0.05,0.247611497802807
0.05,0.22745872530735478
0.05,0.20635284306223145
0.05,0.184939949503512
0.05,0.16387072532568392
0.05,0.14375461089752695
0.05,0.12513689497005465
0.05,0.10845289209239639
0.05,0.09395462647720532
0.05,0.081701667483836
0.05,0.07153821832628449
0.05,0.06307020478112824
0.05,0.055720262288471156
0.05,0.04876897627764798
0.05,0.04139154023451974
0.05,0.03277231216177201
0.05,0.022141472646208138
0.05,0.008894163577460645
0.05,-0.007400347335187907
0.05,-0.02690702139456458
0.05,-0.049561706982903964
0.05,-0.07502073471931381
0.051,-0.10246846260648035
0.055,-0.13319250525814186
0.055,-0.1605302589434232
0.06,-0.18348279132853462
0.065,-0.21091219018205343
0.087,-0.21861038431401314
0.055,-0.22527757030329998
0.05,-0.22495222995605635
0.05,-0.22352256533154946
0.054,-0.222771074952001
0.05,-0.22386623471244071
0.05,-0.2273762446559413
0.056,-0.2345245677784752
0.056,-0.24442224594813833
0.05,-0.2566018888069177
0.051,-0.2660688346858633
0.056,-0.28918632837380265
0.065,-0.3095178089473182
0.056,-0.33757039494485275
0.052,-0.35808058359643147
0.078,-0.3785220383718322
0.051,-0.39757506884843297
0.058,-0.406373004999244
0.056,-0.4067716614810776
0.05,-0.40048480293997724
0.053,-0.38962485050381956
0.051,-0.37783011735163785
0.05,-0.365668803526506
0.051,-0.3534937429261389
0.052,-0.34138741620194935
0.051,-0.32926734270252445
0.052,-0.3183157450981292
0.05,-0.30765282977368247
0.051,-0.29710905316794434
0.05,-0.28701892014498265
0.05,-0.27709833068326073
0.05,-0.26726480413136455
0.05,-0.257458771129939
0.05,-0.24762982683645463
0.05,-0.23776422447567502
0.05,-0.2278940398564836
0.05,-0.21807426007982322
0.05,-0.20837361902187101
0.05,-0.19883335700833515
0.05,-0.1895405369490406
0.05,-0.1804630830351046
0.05,-0.17153684364876076
0.05,-0.16265184458812387
0.05,-0.15365228906718953
0.05,-0.14435030449107156
0.05,-0.13451677793917538
0.051,-0.1237713819633145
0.05,-0.1124852794948521
0.05,-0.10036978825383902
0.05,-0.08747989534121814
0.05,-0.07364605719574979
0.05,-0.05840088345942207
0.05,-0.04192766446871021
0.05,-0.024886245434925014
0.05,-0.008037281254439366
0.05,0.007922724794142022
0.05,0.022558458161689332
0.05,0.03570953980378744
0.05,0.0475134374727928
0.05,0.05839171894259798
0.05,0.06887592618898153
0.05,0.07939679150265966
0.05,0.09012385844487292
0.05,0.10117168347591798
0.05,0.11266398757291496
0.05,0.12460077073586473
0.052,0.13741734751389556
0.05,0.14976653393391426
0.05,0.1621157203539334
0.05,0.17461153904313242
0.051,0.18757016583193153
0.05,0.20020345227348746
0.05,0.212648866120156
0.05,0.224723117035462
0.05,0.2363620534016393
0.05,0.24726324616350404
0.05,0.2574496066131149
0.05,0.2668524008742945
0.05,0.2754487176549836
0.05,0.2832843795392994
0.05,0.2902127542580637
0.05,0.2962521708449226
0.05,0.30134305994052224
0.05,0.305393776376625
0.05,0.3083264217602286
0.05,0.3100356041478598
0.05,0.31043884288810575
0.05,0.30948115088002237
0.05,0.30714419908996327
0.05,0.30345089880998755
0.05,0.2983920855232709
0.05,0.2915186979054496
0.05,0.28223962462139096
0.05,0.27003707047055214
0.05,0.2544757209038042
0.05,0.23523023557390488
0.05,0.2121081596275538
0.05,0.1851278220983994
0.05,0.1546466391425676
0.05,0.12131987371295794
0.05,0.08607314200877014
0.05,0.050024515082503385
0.05,0.01437912689648213
0.05,-0.01969454665426429
0.05,-0.05120215549435714
0.05,-0.07945636086201491
0.05,-0.10415931596046446
0.05,-0.1253797546658847
0.05,-0.14358964959469955
0.05,-0.15955882016010448
0.05,-0.1742495406285941
0.05,-0.18868365462601933
0.05,-0.20386925900299235
0.05,-0.2206953118914191
0.05,-0.23990872141243558
0.05,-0.26205477631705576
0.05,-0.28743590566046384
0.05,-0.31625831107119495
0.05,-0.3478758941131729
0.05,-0.3817571128106202
0.05,-0.41678847836944943
0.05,-0.451453263255328
0.05,-0.4839048173282683
0.05,-0.5122048452800448
0.05,-0.5345800131052594
0.05,-0.5497335416733495
0.05,-0.557055990615535
0.05,-0.5569093583463546
0.05,-0.5525516305966558
0.05,-0.5474561592426443
0.05,-0.5432175702116548
0.05,-0.5403444941874052
0.05,-0.5388186021362489
0.05,-0.5384291101712388
0.053,-0.5389469053717817
0.05,-0.540019153840162
0.05,-0.5414304894310213
0.052,-0.5431992411780071
0.05,-0.5453849784404743
0.05,-0.5477081834552981
0.05,-0.5500176416948857
0.05,-0.5519971773288183
0.05,-0.5532618806504976
0.05,-0.5533810193692064
0.051,-0.5519559370031113
0.05,-0.5491424303382169
0.05,-0.5451375364862328
0.05,-0.5401841151429895
0.05,-0.534360064701489
0.05,-0.527697460970614
0.05,-0.5201917216919534
0.05,-0.5117924420229754
0.05,-0.502426305829091
0.05,-0.4919970856836503
0.05,-0.4804131364184153
0.05,-0.46757364834832504
0.05,-0.4534053053387894
0.05,-0.43773398157015697
0.05,-0.42068339801954824
0.05,-0.40216190951872555
0.05,-0.3822290854270437
0.05,-0.3607428757337344
0.05,-0.3369426255424247
0.05,-0.31081917033629225
0.05,-0.2832339746967689
0.05,-0.25470483382439857
0.05,-0.22534172192106638
0.05,-0.19525461318865633
0.05,-0.16437019149257925
0.05,-0.13267929231601083
0.05,-0.09982449950282513
0.05,-0.06541173882959972
0.05,-0.029133998982738607
0.05,0.009082036172347596
0.05,0.04903932952394885
0.05,0.09038046491593832
0.05,0.1326609632823632
0.05,0.17535386490585747
0.05,0.21787264070970003
0.05,0.25958035677463975
0.05,0.2998904840239558
0.05,0.33841353049263856
0.05,0.3746362832385568
0.05,0.4080776051284636
0.05,0.43838008000623163
0.05,0.46535583527697444
0.05,0.4889865419070445
0.05,0.5094325789408569
0.05,0.5269734641415367
0.05,0.541929955597916
0.05,0.5546044823651783
0.05,0.565239904139154
0.05,0.5740103467394939
0.05,0.5810257843680833
0.05,0.5866573799562851
0.05,0.5922202416683087
0.05,0.5983742147154645
0.05,0.6049909958622204
0.05,0.6117177512108618
0.05,0.6181054194370239
0.05,0.6236682811490468
0.05,0.6283009444034584
0.05,0.6320904721100837
0.05,0.6350414465273351
0.05,0.6370438934533271
0.05,0.637827459641759
0.05,0.6369751595771489
0.05,0.634019602901486
0.05,0.6278977056632129
0.05,0.6171019048448216
0.05,0.6002941809900426
0.05,0.5763839565968483
0.05,0.5446105767688658
0.05,0.5045982963163222
0.05,0.4563837733065119
0.05,0.40042523358062265
0.05,0.337552065911205
0.05,0.2689373284517005
0.05,0.19601068582661663
0.05,0.12031635912075633
0.05,0.04336191135162881
0.05,-0.03353754931655628
0.05,-0.10940141958365623
0.05,-0.18372106876595196
0.05,-0.2564598387961492
0.05,-0.32806220874019965
0.05,-0.3992063528430625
0.05,-0.4700526501491529
0.05,-0.5396525731672114
0.05,-0.6062144588581928
0.05,-0.6676350506110441
0.05,-0.7219852176343632
0.05,-0.767858206595703
0.05,-0.8045758432501041
0.05,-0.8322435195410409
0.05,-0.8517135355331229
0.05,-0.8644522139181516
0.05,-0.8726315451833594
0.05,-0.8794453634418261
0.05,-0.8863874849358255
0.05,-0.8940536032589023
0.05,-0.9034151571943749
0.05,-0.9150357645269052
0.05,-0.9289704123574346
0.05,-0.9447058877438334
0.05,-0.9612524228691353
0.05,-0.9770566321317127
0.05,-0.9900931573135139
0.05,-0.998080033725422
0.05,-0.9988315241049704
0.05,-0.9924576026540443
0.05,-0.9813318792299975
0.05,-0.9668244490979824
0.05,-0.949847181681964
0.05,-0.9309407834745431
0.05,-0.9104031012724931
0.05,-0.8884174254122887
0.05,-0.8651532994551695
0.05,-0.8408169250296705
0.05,-0.8156740731236798
0.05,-0.7900088437587349
0.05,-0.7641099192147845
0.05,-0.7382201591876572
0.05,-0.7124816136881225
0.05,-0.6869446875587104
0.05,-0.6615543936984782
0.05,-0.63617326435507
0.05,-0.6105813511247157
0.05,-0.5841142265376914
0.05,-0.5560341469896857
0.05,-0.5260799237512203
0.05,-0.4942653035975314
0.05,-0.4607552478314465
0.05,-0.4257651225983238
0.05,-0.3895057117851103
0.05,-0.3521465589530459
0.05,-0.3138205495960741
0.05,-0.2746834805001993
0.05,-0.2348315790920713
0.05,-0.1943931486072228
0.05,-0.15347358098912622
0.05,-0.11217826818125609
0.05,-0.07057136180137746
0.05,-0.028675773141550454
0.05,0.013471839730929691
0.05,0.05582107197353259
0.05,0.09833984777737537
0.05,0.1409502687494555
0.05,0.18355152520471218
0.05,0.225983238098729
0.05,0.26806211709503125
0.05,0.30958654282349585
0.05,0.35032740236352855
0.05,0.39002808924406485
0.05,0.42844116151086187
0.05,0.4653008481760317
0.05,0.5003367959932732
0.05,0.5333244743004035
0.05,0.5639110491997086
0.05,0.5919040658378887
0.05,0.6171064871032335
0.05,0.6393487694345035
0.05,0.658520938629813
0.05,0.674558843071396
0.05,0.6874349892087814
0.05,0.6971585415587924
0.05,0.703752411413489
0.05,0.7072715858738137
0.05,0.7077802165575324
0.052,0.7047650905225147
0.05,0.6968927705709034
0.05,0.6830085275829045
0.05,0.6621592518088462
0.05,0.6338088190145392
0.05,0.5977143695041538
0.05,0.5541508387824019
0.05,0.5034664784885878
0.051,0.4463257160924332
0.05,0.3835304468160179
0.05,0.31789417732423586
0.05,0.25051664963593945
0.05,0.18358818327200743
0.05,0.11901499773178204
0.05,0.05906531092914413
0.05,0.0050450665114805116
0.05,-0.042184270939775725
0.051,-0.08343376116352719
0.05,-0.11720042340067749
0.05,-0.14567915943051735
0.051,-0.17046459518038093
0.05,-0.19261981460182465
0.05,-0.21378526620630256
0.05,-0.23530355170849526
0.05,-0.2582606663520185
0.05,-0.28344017632530394
0.054,-0.3112957252111276
0.052,-0.3458963584792403
0.055,-0.38268272900982003
0.064,-0.3943537411848803
0.062,-0.45173736327686465
0.059,-0.496583926353943
0.05,-0.5338651807930057
0.05,-0.5696480367313839
0.052,-0.6040149748204904
0.05,-0.6345465626188522
0.051,-0.6610961678572905
0.05,-0.6828573130553124
0.05,-0.7000866046839844
0.05,-0.7130589782480192
0.05,-0.7224663547676107
0.05,-0.7292022746330757
0.05,-0.7342519234029683
0.05,-0.7385729930853719
0.05,-0.7431552514972528
0.05,-0.7492267438929952
0.05,-0.7572136203049038
0.05,-0.7671433742834493
0.05,-0.7791763848730489
0.05,-0.7933538923994081
0.052,-0.8098546049405911
0.052,-0.8268181255813741
0.051,-0.8387457442275004
0.06,-0.8627338670136963
0.051,-0.8753304953879569
0.053,-0.8824788185104914
0.052,-0.8821947184889547
0.05,-0.8756100131510818
0.055,-0.8641039622788491
0.051,-0.8504579967282675
0.063,-0.8303143887496394
0.062,-0.8097904533228247
0.068,-0.7816737157075238
0.062,-0.7514491392227575
0.053,-0.7249132807595551
0.051,-0.6966774044255455
0.05,-0.6684736039004182
0.05,-0.6391150742554979
0.05,-0.6086568025917254
0.051,-0.5774103824811099
0.066,-0.5417145894525579
0.069,-0.4948014278317212
0.05,-0.45843662507503447
0.05,-0.42498155640989244
0.051,-0.39081623769090856
0.05,-0.35537705113342166
0.05,-0.31939715808333313
0.051,-0.281662260061494
0.05,-0.2436295152428829
0.05,-0.2048406977863111
0.05,-0.1653737060847813
0.05,-0.125251451430352
0.05,-0.08436854187955067
0.054,-0.04240880160195781
0.05,0.0014159178492707536
0.05,0.042816622600614807
0.051,0.08477636287820789
0.05,0.12557679177759518
0.05,0.1658181851507332
0.05,0.20535391072844167
0.05,0.2442160443196033
0.05,0.2822212955877432
0.05,0.3194842209931583
0.05,0.35612854151297
0.05,0.39241544587665467
0.05,0.4274284824018362
0.05,0.4612180559310459
0.05,0.49343133256656846
0.05,0.5237063138938658
0.05,0.5516993305320457
0.05,0.5772087631109866
0.05,0.6002575229227474
0.05,0.6207493825406791
0.05,0.638349837100713
0.05,0.6528206091654329
0.05,0.6639234212974203
0.05,0.6714704009017884
0.05,0.6753149157093561
0.05,0.6752324350579426
0.05,0.670173621771226
0.05,0.6590249870551199
0.053,0.6410075469796042
0.051,0.6136102239349681
0.05,0.5803705214151846
0.05,0.5398083699532148
0.05,0.4922124518290083
0.05,0.43823344773705175
0.05,0.3790902384149051
0.05,0.31664780303620454
0.05,0.2533484853344816
0.05,0.191987462940985
0.05,0.1353324199364896
0.05,0.08576613069517403
0.05,0.04509400503131955
0.05,0.01406295106606259
0.05,-0.0072033102234769775
0.05,-0.019891583765975218
0.05,-0.02587143099347955
0.05,-0.027571448864287196
0.05,-0.02790137146994265
0.05,-0.029509744172512842
0.05,-0.034206559044691165
0.05,-0.04363226459792968
0.05,-0.058923260918376186
0.05,-0.0806981528916344
0.05,-0.10909899052847194
0.05,-0.14379585122323402
0.05,-0.1839822574954293
0.05,-0.22836601247290755
0.05,-0.2752104402175657
0.05,-0.32250392928658833
0.05,-0.36815238758574553
0.05,-0.4103000004582258
0.05,-0.4475766726388767
0.05,-0.4793271411747998
0.052,-0.5065411738829602
0.05,-0.5284626981253981
0.05,-0.5476119560286483
0.05,-0.5653727896330984
0.05,-0.5826295748122422
0.05,-0.5997076519133222
0.05,-0.6165245402849248
0.052,-0.6328557092648686
0.05,-0.6471981780940557
0.05,-0.6594007322448945
0.05,-0.6689684878089017
0.05,-0.675576104438834
0.05,-0.6790677853486868
0.063,-0.6800896289745366
0.05,-0.6798055289530001
0.05,-0.678962393405214
0.05,-0.677413590061998
0.052,-0.6749941576205247
0.06,-0.670686834713357
0.05,-0.6659350327402364
0.05,-0.6599185274454369
0.05,-0.6525960785032514
0.05,-0.6438531294533826
0.05,-0.6335888706107694
0.05,-0.6218857826268258
0.051,-0.6087347009847276
0.057,-0.5918582432537703
0.062,-0.5745235596816249
0.057,-0.5514977111619236
0.068,-0.5300619063111449
0.066,-0.4995211539959584
0.068,-0.46921409685977866
0.062,-0.4362951524288261
0.064,-0.4033212208969317
0.052,-0.3732799347486404
0.051,-0.34342652119523653
0.05,-0.3139992576741374
0.05,-0.2841962489632641
0.052,-0.2544344805780978
0.05,-0.22351798307313764
0.051,-0.19424193407963064
0.055,-0.16151086224356548
0.05,-0.13163453739810216
0.05,-0.10136872058762891
0.05,-0.07116247313651014
0.052,-0.04038802564231814
0.05,-0.01128152021005091
0.05,0.017151393235670165
0.05,0.044988613087846074
0.05,0.0725600619521336
0.05,0.10008110597388997
0.05,0.1275196693442331
0.05,0.15477952463651223
0.05,0.18173236861519526
0.05,0.2081170125508056
0.051,0.23386014030875257
0.05,0.25809570504919055
0.05,0.2808649470978264
0.061,0.30611319094728984
0.05,0.324863792368707
0.05,0.34144240330289155
0.05,0.35566115115495833
0.05,0.3673504923636661
0.05,0.37640045272713096
0.05,0.38272396933552666
0.05,0.3862752196047341
0.05,0.38702670998428257
0.05,0.3849692759573482
0.05,0.3793835029532653
0.05,0.36899552313353157
0.05,0.3529072138494178
0.05,0.33033959117090417
0.05,0.3008985808745699
0.05,0.26450628456741176
0.05,0.22143305549573178
0.05,0.1723249920956038
0.05,0.11826350735223312
0.05,0.06097611268689862
0.05,0.003212163146728342
0.05,-0.05151374906636497
0.05,-0.09946250108828669
0.05,-0.13734403137930562
0.05,-0.16292678009283645
0.05,-0.17538594071474078
0.05,-0.17564712944421812
0.05,-0.16959854834053512
0.05,-0.16237232682499902
0.05,-0.15582427955442135
0.05,-0.15060966948170074
0.054,-0.14655437078718614
0.072,-0.14338344796616453
0.053,-0.14155512685982408
0.062,-0.14162844299441457
0.05,-0.14387374961623622
0.059,-0.14774117571586343
0.064,-0.15577387471189075
0.067,-0.16366452369714957
0.065,-0.172219600152131
0.05,-0.17598163430828528
0.05,-0.1763023923971172
0.05,-0.1721554485343646
0.05,-0.16279389459889193
0.05,-0.14866220965665156
0.051,-0.13157496803874758
0.051,-0.11372248926605988
0.05,-0.09605788308825902
0.05,-0.08001081412985234
0.05,-0.06624112760215028
0.05,-0.05532160580663803
0.057,-0.047605082641030805
0.052,-0.04292201454408828
0.057,-0.042092625771537606
0.056,-0.044370008202242794
0.063,-0.050830992562994726
0.053,-0.05949146096144953
0.052,-0.06996192143259772
0.05,-0.08213698203296482
0.05,-0.0962457556831463
0.051,-0.11241654561867398
0.05,-0.13103426154614595
0.051,-0.15169566472531681
0.05,-0.17375007446169943
0.05,-0.19691797299216884
0.05,-0.2204249586451178
0.05,-0.24328126360357982
0.05,-0.2643459055229962
0.05,-0.2823404343064525
0.05,-0.295862678879913
0.05,-0.3035379617198133
0.05,-0.3041840601558884
0.05,-0.297054066067002
0.05,-0.28379759248143055
0.05,-0.2670402734691819
0.051,-0.24806055912717162
0.05,-0.2283935060233787
0.05,-0.2085935674256414
0.05,-0.1886653255923717
0.05,-0.1688058176352797
0.05,-0.1492212451829008
0.05,-0.13011780986376953
0.05,-0.11160548587977093
0.158,-0.09374384259025914
0.161,-0.07626710900734568
0.051,-0.04953421343243236
0.05,-0.02855663442284173
0.05,-0.009622742664950223
0.067,0.010530029830501997
0.065,0.023383264675828075
0.051,0.03141596367185495
0.052,0.034898480064884385
0.059,0.03472893650364517
0.05,0.031745886277510404
0.051,0.02631132780102008
0.053,0.01835652719799441
0.05,0.008417608702624868
0.05,-0.004788460040415554
0.202,-0.010048892697254952
0.056,-0.038582615828037126
0.05,-0.06143892078649915
0.05,-0.08844675186612505
0.05,-0.12047673816517246
0.05,-0.15850490072537182
0.05,-0.20261830245654877
0.05,-0.25189590941791584
0.05,-0.3038266439997618
0.05,-0.3554091269423051
0.05,-0.40293172893192164
0.05,-0.4423941383750396
0.05,-0.4700480678907405
0.05,-0.4829700366122449
0.05,-0.48144414456108864
0.05,-0.47237127290556447
0.05,-0.45984796066589373
0.05,-0.4455558966792377
0.05,-0.4307231261999789
0.05,-0.4164127331796752
0.05,-0.4035090934918185
0.05,-0.3925712426626591
0.05,-0.3834342193893685
0.05,-0.3757910123583511
0.05,-0.36940792639060094
0.05,-0.36403293727346464
0.05,-0.35931779336763925
0.05,-0.3546942946300514
0.05,-0.3496629748938064
0.05,-0.3438114309018343
0.05,-0.3368418158573637
0.05,-0.3285204345813878
0.05,-0.31851736446825196
0.05,-0.3066126571141856
0.05,-0.2927971480023648
0.05,-0.27717164681785067
0.05,-0.2598552922793528
0.05,-0.24094889407193243
0.05,-0.22046161671241293
0.05,-0.19812310695449364
0.05,-0.17380047930423004
0.05,-0.14757621441303592
0.05,-0.11964276713421007
0.055,-0.09027049071405324
0.051,-0.055784413906238006
0.058,-0.022150637163032227
0.056,0.016752736753836484
0.056,0.05323667822923195
0.058,0.07925015923347978
0.057,0.12371639486237163
0.057,0.15600756989089648
0.051,0.18874322398537347
0.052,0.21662626642166827
0.052,0.24324460553628469
0.05,0.2670356912107701
0.051,0.28980951551781775
0.05,0.3109337267965886
0.05,0.33052746376579156
0.059,0.34836619576324357
0.053,0.3674558843071396
0.05,0.38038701754546733
0.068,0.3939275911525755
0.061,0.40057186584980253
0.054,0.4100663052792197
0.054,0.41535423148653017
0.054,0.41840601558884316
0.05,0.41899712692397584
0.051,0.4174162477718768
0.051,0.41302644421329515
0.05,0.4046042532522576
0.05,0.3917739296989915
0.05,0.3739306154431272
0.05,0.35086810885613073
0.05,0.32267805510623937
0.05,0.28976827519211135
0.05,0.25283527239235104
0.05,0.2128779790407498
0.051,0.17057456938226556
0.05,0.12839029844249006
0.05,0.08721412435332865
0.05,0.048306168178048114
0.05,0.012610375149496145
0.05,-0.019346295014961212
0.05,-0.04745845037185037
0.05,-0.072101836110946
0.052,-0.09406001842067879
0.05,-0.11516590066580201
0.05,-0.13517204089207446
0.05,-0.15603506344136808
0.052,-0.17877222968112094
0.051,-0.20548221396397437
0.05,-0.23419464517281974
0.05,-0.2663804282578711
0.05,-0.30214495516260165
0.05,-0.34141949201083277
0.05,-0.3840115839492654
0.052,-0.42966920676524667
0.05,-0.4799090879931084
0.05,-0.5302177030971488
0.05,-0.5818826666911056
0.05,-0.634111248069724
0.05,-0.6860099068426864
0.05,-0.736620951001911
0.05,-0.7848446385285455
0.05,-0.8296912016056237
0.05,-0.8702212772587097
0.05,-0.9056558815577849
0.05,-0.9354680547854817
0.05,-0.9593828614370883
0.05,-0.9773957192541917
0.05,-0.989731158898975
0.05,-0.9967191029770932
0.05,-0.9988177773297351
0.05,-0.9964991545733229
0.05,-0.9906338638061155
0.05,-0.9833801487401083
0.05,-0.9758102578436808
0.05,-0.9682312024304299
0.05,-0.960496350231175
0.05,-0.9522024625056709
0.05,-0.9428317440533741
0.05,-0.9318297416064484
0.05,-0.9185870147961127
0.05,-0.9022833393666405
0.05,-0.8823138572076634
0.05,-0.858325734421467
0.05,-0.8302044145477543
0.05,-0.7980415427547624
0.05,-0.7620845609967332
0.05,-0.7226725563961457
0.05,-0.6802087676932453
0.05,-0.6350872691114544
0.05,-0.5876975526157824
0.05,-0.5384199456544154
0.05,-0.4876210289003039
0.05,-0.4355711555997488
0.05,-0.38249485641493275
0.05,-0.32865332007533243
0.05,-0.27418859659171635
0.05,-0.21929314081738338
0.05,-0.1642052301897512
0.05,-0.10936476151636099
0.05,-0.05503292352668954
0.05,-0.0014983985006853384
0.05,0.05100511838264565
0.05,0.10219810936017892
0.05,0.15205308088144287
0.05,0.20061585553055683
0.05,0.2477398010383398
0.05,0.2931499819000791
0.05,0.33647981744282474
0.05,0.3773214866679191
0.05,0.4152671685767044
0.05,0.4499273712041718
0.05,0.48101341227037153
0.05,0.5083328369220055
0.05,0.5317985822492473
0.05,0.551428977285745
0.05,0.5673385784917953
0.05,0.5796786003949903
0.05,0.588856863993988
0.05,0.5957760741959282
0.05,0.6009402794261176
0.05,0.6045236055042087
0.05,0.6065168879133771
0.05,0.6067093427666757
0.05,0.6042578345163196
0.05,0.5981451017948702
0.05,0.5875188445377186
0.05,0.571737546567201
0.05,0.5504483739856021
0.05,0.5235871751751566
0.05,0.49138306305645774
0.05,0.4543446683132246
0.05,0.4132601393923008
0.05,0.36911007959382847
0.05,0.3230675470712494
0.05,0.2763926628878306
0.05,0.23034554810683971
0.05,0.18603969152236366
0.05,0.14434572223265918
0.05,0.10577227092144592
0.05,0.07043389404902056
0.05,0.038051073852258366
0.05,0.007996040928731851
0.05,-0.020592669302993083
0.05,-0.04870024240146997
0.05,-0.07727978811637137
0.05,-0.10718818877071756
0.05,-0.13908528957582034
0.05,-0.17336516475510122
0.05,-0.21013320625203336
0.05,-0.24915113662919897
0.05,-0.28981868003464184
0.05,-0.33116897994345484
0.05,-0.3718915104498405
0.05,-0.4104237214353468
0.05,-0.4450793418044019
0.05,-0.47428207466331895
0.05,-0.4967763812072421
0.05,-0.5118291000902706
0.05,-0.519357750660991
0.05,-0.5199580265129473
0.05,-0.5153986793931258
0.05,-0.5093409337726194
0.05,-0.5037643252853603
0.05,-0.4992920410753646
0.05,-0.49607529567022424
0.05,-0.49403619067693705
0.05,-0.4929914357590284
0.05,-0.4927669050968463
0.05,-0.49352297773480647
0.05,-0.49542919723414924
0.05,-0.4986092845719944
0.05,-0.5031273913661088
0.05,-0.5089606063244334
0.05,-0.5160035375034939
0.05,-0.5240362364995212
0.05,-0.5327287807068595
0.05,-0.5416275265427322
0.05,-0.5501780207393019
0.05,-0.5577341648604934
0.05,-0.5636590249870554
0.05,-0.5673614897838551
0.05,-0.5684108269601755
0.05,-0.5669170107179028
0.05,-0.5643784395577204
0.05,-0.5617528054877128
0.05,-0.5593883601471824
0.05,-0.5572667745024812
0.05,-0.5551406065993687
0.05,-0.5526478580233056
0.05,-0.5493761255172224
0.05,-0.5449130058240508
0.05,-0.5389148295628983
0.05,-0.5310974967122299
0.05,-0.521309792744452
0.05,-0.5095242241090944
0.05,-0.4958141069407469
0.05,-0.48030774447494196
0.05,-0.46317926253133157
0.05,-0.444602786929566
0.05,-0.4247524434892981
0.05,-0.4037977757717669
0.05,-0.3819174918550359
0.05,-0.3592765530419323
0.05,-0.3358887061076926
0.05,-0.3119876462313219
0.05,-0.28803159925400834
0.05,-0.26409846356875466
0.05,-0.24043568112980196
0.05,-0.21726320034092017
0.05,-0.19478722283064465
0.05,-0.17315896312656676
0.05,-0.15236009219503954
0.05,-0.1326105584398326
0.05,-0.11394701992824197
0.05,-0.0962182621326747
0.05,-0.07932347536806983
0.05,-0.06311602736524746
0.05,-0.047440121338202745
0.05,-0.032039150815871165
0.05,-0.01653278835006622
0.05,-0.0007102500538416212
0.05,0.015478868915333566
0.05,0.032029986299047186
0.05,0.04913555695059868
0.05,0.06697887120646295
0.05,0.08558742261711072
0.05,0.10490164182318895
0.05,0.12479322558916373
0.05,0.14509263035379583
0.05,0.16564405933108173
0.05,0.18627338670136973
0.05,0.20678815761136016
0.05,0.22696842365728354
0.05,0.2466308945026643
0.05,0.26561977336149867
0.05,0.2841641731543807
0.05,0.3025573584196706
0.05,0.32077641786530897
0.05,0.3385784917954662
0.05,0.35554201243624917
0.05,0.3711262732950562
0.05,0.38475849207040147
0.05,0.3959162913033316
0.05,0.4042514193545428
0.05,0.4098738504259205
0.05,0.4131684942240632
0.05,0.41438737496162337
0.05,0.4136313023236631
0.05,0.41090485856859393
0.05,0.40688163568296276
0.05,0.4028904886062141
0.05,0.39988452708802047
0.05,0.3981799269588009
0.05,0.39761630917413937
0.05,0.39774003015126036
0.05,0.39790499145408775
0.05,0.397327626894191
0.05,0.3951739654406068
0.05,0.39061003606237366
0.05,0.3828935128967663
0.05,0.3714653604175353
0.05,0.35602773182790837
0.05,0.3366035384199453
0.05,0.3135272850577133
0.05,0.28737633630110926
0.05,0.25892051156332885
0.05,0.22899378187533492
0.05,0.19844844730173694
0.05,0.16805432725573133
0.05,0.13848501372386357
0.05,0.11026288416508923
0.05,0.08375910151077037
0.05,0.05917070287261761
0.05,0.0365343463179264
0.05,0.015717146352751454
0.05,-0.003610819628562467
0.05,-0.02199942263544008
0.05,-0.04010850787919329
0.05,-0.05900115931137839
0.05,-0.07941053827789557
0.05,-0.10157492221616382
0.05,-0.12524228691352846
0.05,-0.14969780005773659
0.05,-0.17373174542805192
0.05,-0.19572200354666813
0.05,-0.21378526620630256
0.05,-0.22607488326696712
0.05,-0.23118410139621437
0.05,-0.2285172270004997
0.05,-0.2200079731296366
0.05,-0.21054102725069102
0.05,-0.2032185783085051
0.05,-0.19926408929905215
0.05,-0.19895707798545614
0.05,-0.20228837985089343
0.05,-0.2089647303570038
0.05,-0.2184729165616568
0.05,-0.23072587555502622
0.05,-0.2463055541554211
0.05,-0.2656839249792655
0.05,-0.2891496703065074
0.05,-0.3168677514399747
0.05,-0.3488885732221986
0.05,-0.3850334275751146
0.05,-0.4244316854004667
0.05,-0.4653283417265034
0.05,-0.5053956092799898
0.05,-0.5421361572264509
0.05,-0.5732038692590031
0.05,-0.5967246016871879
0.05,-0.6114932205486798
0.05,-0.6170973225864098
0.05,-0.6155805950520777
0.05,-0.6107142366186602
0.05,-0.6046977313238606
0.05,-0.5985666695687637
0.05,-0.5925959868580829
0.05,-0.5866527976978733
0.05,-0.5803934327072441
0.05,-0.5733917418538901
0.05,-0.565290308981685
0.05,-0.5557271356760897
0.05,-0.5445006025669813
0.05,-0.5315603048118299
0.05,-0.5169703940284007
0.05,-0.5008820847442872
0.05,-0.4834878318127871
0.05,-0.464925102986258
0.05,-0.44511599987169703
0.05,-0.42403761117704486
0.05,-0.40172659496959673
0.05,-0.3782516851255313
0.05,-0.3536816155210257
0.05,-0.32808053777384727
0.05,-0.30148969220970256
0.05,-0.27382201591876576
0.05,-0.24483006694679543
0.05,-0.21444052915920164
0.05,-0.18278170579151676
0.05,-0.15014686138210076
0.05,-0.11697131048008313
0.05,-0.0837911773196538
0.05,-0.0511929909775336
0.05,-0.01973120472155898
0.05,0.010163449157551963
0.05,0.03831226258173581
0.05,0.06511389203282714
0.05,0.09092117140854006
0.05,0.11593113782058628
0.05,0.14022168966196658
0.05,0.16379740919109365
0.05,0.18660330930702518
0.05,0.2085431625831109
0.05,0.23007977711895067
0.05,0.25318352403165423
0.05,0.27824847754464277
0.05,0.30462853922184063
0.05,0.33159054771734775
0.05,0.3585021513703244
0.05,0.38475390981198965
0.05,0.40985093913386117
0.05,0.4334174941461646
0.05,0.45513281676006834
0.05,0.4747494650213302
0.05,0.49204749052618024
0.05,0.5068756787470274
0.05,0.5190965619315133
0.05,0.528609330394578
0.05,0.5352994276759244
0.05,0.5390568795736663
0.05,0.5397488005938607
0.05,0.5365320551887203
0.05,0.5280961174524477
0.05,0.5134695486017238
0.05,0.49207040181824024
0.05,0.46368789321504966
0.05,0.4284549082860978
0.05,0.38684800190621926
0.05,0.33966906929749396
0.05,0.2880728395797154
0.05,0.23354854673674486
0.05,0.17791076509968695
0.05,0.12321234643706469
0.05,0.0717581667300542
0.05,0.025848519701420214
0.05,-0.012569134823789185
0.05,-0.042211764490246884
0.05,-0.06268529507453047
0.05,-0.07457625565336146
0.05,-0.07936471569377679
0.05,-0.07918600761571348
0.05,-0.07672991710694566
0.05,-0.07479620405713172
0.05,-0.07528650570720286
0.05,-0.08006580123079465
0.05,-0.09053626170194229
0.05,-0.10756851621890406
0.05,-0.13150623416256946
0.05,-0.1621248848707575
0.05,-0.19861799086297716
0.05,-0.23960171009883946
0.05,-0.2831102537196485
0.05,-0.3267333538007544
0.05,-0.36783162949691417
0.05,-0.40385276287270977
0.05,-0.4327072440923233
0.05,-0.4530845472499575
0.05,-0.4646822432904283
0.05,-0.4682151645259883
0.05,-0.4666480321491251
0.05,-0.46422401744924013
0.05,-0.462881415734559
0.05,-0.46319759156497864
0.05,-0.4651725449404994
0.05,-0.46913161620836463
0.05,-0.4759500167252432
0.05,-0.48622344008468044
0.05,-0.5001397588815624
0.05,-0.5174790247121195
0.05,-0.5375951391402771
0.05,-0.5594204359560653
0.05,-0.5815527440854502
0.05,-0.6023378682417415
0.05,-0.6200391324868377
0.05,-0.6330710754102267
0.05,-0.6400315259378737
0.05,-0.64019190498229
0.05,-0.6337996544977161
0.05,-0.6235308133966906
0.05,-0.6110624882579627
0.05,-0.597521914650855
0.05,-0.5837338990895055
0.05,-0.5704682609871103
0.05,-0.5580778342413841
0.05,-0.5467550737056266
0.05,-0.5365412197055444
0.05,-0.5273721206233708
0.05,-0.5191194732235731
0.05,-0.5116366452369715
0.05,-0.5047724221359742
0.05,-0.49838017165140003
0.05,-0.4923453373229534
0.05,-0.4865396159151001
0.05,-0.48080262838342536
0.05,-0.47457992146009087
0.05,-0.46727121929314075
0.05,-0.4585191057264484
0.05,-0.4481723662324212
0.05,-0.4362584943615313
0.05,-0.42289204657407464
0.05,-0.4079493018929313
0.05,-0.39145775386857184
0.05,-0.37359152832064824
0.05,-0.3545614091361069
0.05,-0.3346148382691896
0.05,-0.3139534350900186
0.05,-0.2926917560588914
0.05,-0.2705640301879184
0.05,-0.24684626064802329
0.05,-0.22107105708119335
0.05,-0.19300930656683468
0.05,-0.1626610091049474
0.05,-0.13019112599835947
0.05,-0.09590666856066687
0.05,-0.06020629327370319
0.05,-0.023548225978656134
0.05,0.01358181393281499
0.05,0.050707271585873626
0.05,0.08738366791456831
0.05,0.12321692869547651
0.05,0.15785880228929616
0.05,0.19101602415766616
0.05,0.22242740557110974
0.05,0.2520058836198005
0.05,0.28025092447063416
0.05,0.3073458184600859
0.05,0.3330293768586783
0.05,0.35679755124110457
0.05,0.37804090123858414
0.05,0.396237049392163
0.05,0.41108356664665724
0.05,0.42297910948389994
0.05,0.4326980795754991
0.05,0.4408407527734117
0.05,0.4478149500762947
0.05,0.45381770859585835
0.05,0.4588169525232204
0.05,0.4625652399041389
0.05,0.4646135094142496
0.05,0.464801382009137
0.051,0.463765791608052
0.05,0.4610805881786897
0.05,0.4564754184747495
0.05,0.4498036502270508
0.05,0.44120275118795016
0.05,0.4309843149294561
0.05,0.4195561624502251
0.05,0.40734902604097445
0.05,0.3947523976667138
0.05,0.38206870638262735
0.05,0.36947666026677917
0.05,0.35698542383599174
0.05,0.3444483648210859
0.05,0.33157221868370024
0.05,0.317921670874707
0.05,0.30307057136180116
0.05,0.28652861849491096
0.05,0.2679063203090273
0.05,0.24695623484990792
0.05,0.22355922339884415
0.05,0.1977794375736024
0.05,0.169836825777953
0.05,0.1400109057750203
0.05,0.10900276310182222
0.05,0.07731644618366595
0.05,0.04557514216456715
0.05,0.014388291413305554
0.05,-0.015703399577516097
0.05,-0.044296692067652854
0.05,-0.07114414410286263
0.05,-0.09617243954855592
0.05,-0.11951446389867737
0.05,-0.14145431717476298
0.05,-0.16243647844276532
0.05,-0.18292375580228482
0.05,-0.20342477993704
0.05,-0.22438861217139472
0.05,-0.24616808640306476
0.05,-0.26899231555264347
0.05,-0.2930445899566062
0.05,-0.3184944531761925
0.05,-0.3455297778062896
0.05,-0.3744025880595513
0.05,-0.40526409846356903
0.05,-0.43837549774782025
0.05,-0.47392924076560405
0.05,-0.5120169726851576
0.05,-0.5526478580233056
0.05,-0.5956752645108669
0.05,-0.6408150921263056
0.05,-0.6875862037363736
0.05,-0.7353333363881722
0.05,-0.7832225190507394
0.05,-0.830250237131873
0.05,-0.8750647244000679
0.05,-0.915910975883574
0.05,-0.9507361398138687
0.05,-0.9774598708719581
0.05,-0.9942767592435606
0.05,-1.0
0.05,-0.9946891625006301
0.05,-0.982738632562445
0.05,-0.9681762153294876
0.05,-0.9526835996389179
0.05,-0.9367006822982777
0.05,-0.9200533374879143
0.05,-0.9023383264675828
0.05,-0.8831203346881547
0.05,-0.8620694395439736
0.05,-0.8389977684401535
0.05,-0.8139007391182821
0.05,-0.7869433128811867
0.05,-0.7584095897504046
0.05,-0.72865240362365
0.061,-0.698074993241169
0.05,-0.6603355129609181
0.05,-0.629263218669954
0.05,-0.5984521131084668
0.05,-0.5678884495012215
0.05,-0.5375309875225107
0.05,-0.5074759545989835
0.05,-0.4778195781572906
0.05,-0.4486214275567859
0.05,-0.419876920539057
0.05,-0.3915631458120452
0.05,-0.3632402065682093
0.05,-0.33471106569583897
0.059,-0.30559081348833583
0.05,-0.2703028414584411
0.05,-0.2395467229978967
0.05,-0.20782833027085768
0.05,-0.17504227133384953
0.05,-0.1412710268382874
0.05,-0.10664290001970411
0.05,-0.07139616831551632
0.05,-0.035659134961256944
0.05,0.0004398968075403076
0.05,0.036781788272167715
0.05,0.07323823619709202
0.05,0.10969926638042815
0.05,0.1460319933282317
0.05,0.18224099929891446
0.05,0.21870661174066242
0.05,0.25516764192399854
0.05,0.29155993823115645
0.05,0.3276085651574232
0.05,0.3630019291307913
0.05,0.3974421833544879
0.05,0.4306498100653884
0.05,0.46242777215178266
0.05,0.4928722970403192
0.05,0.5220292073151169
0.05,0.5497885287742912
0.05,0.5759486420477196
0.05,0.6003125100236901
0.05,0.6227060068825518
0.05,0.6428908551868875
0.05,0.660550879106276
0.05,0.6753653205518872
0.05,0.6871188133783614
0.05,0.6957472059679333
0.05,0.701213840253307
0.05,0.7035370452681304
0.05,0.7027488968212874
0.05,0.6982720303528798
0.05,0.6889792102935852
0.05,0.6739173268937326
0.05,0.6523715478410688
0.05,0.6238744827775813
0.05,0.5881328671649106
0.05,0.5452062703624103
0.05,0.4952413246392613
0.05,0.4386458509941207
0.05,0.37603845431259253
0.05,0.3082393588504029
0.05,0.23627957275022582
0.05,0.16130007835661875
0.05,0.08455183221602569
0.05,0.007308702166949788
0.05,-0.06918751976098936
0.05,-0.1436033963699349
0.05,-0.2140006323516611
0.05,-0.2779323017142231
0.05,-0.333024794600267
0.05,-0.3775322705548658
0.05,-0.41075364404100223
0.05,-0.4331975457423949
0.05,-0.44647693062002525
0.05,-0.45299748434013176
0.05,-0.45554980227554953
0.05,-0.4568924039902307
0.05,-0.45934849449899906
0.05,-0.4646043448974261
0.05,-0.47366805203612683
0.05,-0.4869932594978764
0.05,-0.5046074608331463
0.05,-0.526208226986753
0.05,-0.5511906998483276
0.05,-0.5787484019373792
0.05,-0.6075708073481098
0.05,-0.6362786562985434
0.05,-0.6632085889851671
0.05,-0.6866101826946431
0.05,-0.7048246598818697
0.05,-0.716536912382637
0.05,-0.7208808933570999
0.05,-0.7180719689506172
0.05,-0.7108640764687286
0.05,-0.7019103435319132
0.05,-0.6928099783259178
0.05,-0.6843877873648809
0.05,-0.6769461997039863
0.05,-0.6705127088937055
0.05,-0.6649361004064465
0.05,-0.6599689322879674
0.05,-0.6553225222583201
0.05,-0.6507173525543799
0.05,-0.6458876521882575
0.05,-0.6406318017898305
0.05,-0.6347940045730942
0.05,-0.6282734508529877
0.05,-0.6210334825622157
0.05,-0.6130740997007789
0.05,-0.6043448974261454
0.05,-0.5943097515041265
0.05,-0.5825791699697112
0.05,-0.5691714818565481
0.05,-0.5544211920287032
0.05,-0.5388094376194255
0.05,-0.5227348751105472
0.05,-0.5064220351642514
0.05,-0.4898388419716544
0.05,-0.4727607648705745
0.05,-0.4548899570642386
0.05,-0.43590107820540425
0.05,-0.4155466863398294
0.05,-0.3937213895240411
0.05,-0.3704618458253336
0.05,-0.34580929556941453
0.05,-0.31993328231752294
0.05,-0.2930995770575485
0.05,-0.2656014443278515
0.05,-0.23773673092520387
0.05,-0.2097987013879662
0.05,-0.18205770896243945
0.05,-0.15444501977244496
0.05,-0.12745551772646668
0.05,-0.10087383667914596
0.05,-0.0747137234057178
0.05,-0.04894768435571184
0.05,-0.023543643720243868
0.05,0.0015213097927442298
0.05,0.02627008747531301
0.05,0.05068894255222611
0.05,0.0747641282482483
0.05,0.09842691068720111
0.05,0.12170936567796797
0.051,0.1449597448598514
0.05,0.16823761759220646
0.05,0.1918591597054522
0.05,0.21568690344723307
0.05,0.23946424234648278
0.05,0.26289791186484157
0.05,0.28574963456489155
0.05,0.30784986688539284
0.05,0.329120710433344
0.05,0.34943844423162385
0.05,0.36878932150499666
0.05,0.38711835515252013
0.05,0.4043659758148397
0.05,0.4204451205821298
0.051,0.435442852364216
0.057,0.450477242213597
0.05,0.4620520269620083
0.05,0.47190846480596393
0.05,0.4799182525099319
0.052,0.4860997191075589
0.05,0.4899442339151272
0.05,0.4916305050106997
0.05,0.4906590662273804
0.05,0.48580187231078686
0.05,0.47602791511824494
0.05,0.46065902040479667
0.05,0.43936068330637434
0.05,0.41210082801409453
0.05,0.3789802642130198
0.05,0.34079630486681656
0.05,0.29819046615314826
0.05,0.2521983384730997
0.05,0.20406171385629102
0.05,0.15514610530946293
0.05,0.10683535487300277
0.05,0.06040791264382528
0.05,0.016871875472545206
0.05,-0.023085417879056158
0.051,-0.05939981579321196
0.05,-0.09234167151622341
0.05,-0.12136569629707716
0.05,-0.14780990959204154
0.05,-0.17259076308349341
0.05,-0.19662929071222046
0.05,-0.22077779254283258
0.05,-0.24572818959552423
0.05,-0.2719295431946589
0.05,-0.2996018017440074
0.05,-0.3286441555585088
0.05,-0.35877250461662535
0.05,-0.3894553069425798
0.05,-0.4199364898984116
0.05,-0.44923086792556566
0.05,-0.4762249522299563
0.05,-0.4997227733660812
0.05,-0.5186337538319138
0.05,-0.5321422516301386
0.05,-0.5398633570541581
0.05,-0.5419437023731518
0.05,-0.5391806005507879
0.05,-0.5338331049841227
0.05,-0.5275141706341389
0.05,-0.5210852620822699
0.05,-0.5150183519449398
0.05,-0.5096067047605084
0.05,-0.5049877882813323
0.05,-0.5011707670242356
0.05,-0.4980181732368616
0.05,-0.495392539166854
0.05,-0.4931838906123275
0.05,-0.4913418227307512
0.05,-0.48994423391512776
0.05,-0.48922023708605056
0.05,-0.4894035274225256
0.05,-0.490659066227381
0.05,-0.49306933415203014
0.05,-0.49659309087076653
0.05,-0.5010424637887029
0.05,-0.5060966948170078
0.05,-0.5113158871481401
0.05,-0.5161914100983812
0.05,-0.5202375442760723
0.05,-0.523353479996151
0.05,-0.5255758753259132
0.05,-0.526739768962531
0.056,-0.5262815431213429
0.099,-0.5229090009301987
0.057,-0.5119528210673916
0.062,-0.49637772472540853
0.062,-0.4774621620011641
0.05,-0.4582120944128524
0.05,-0.4394614929914359
0.087,-0.4147997782186932
0.068,-0.4009980158821077
0.06,-0.3675658585090251
0.102,-0.33238786068101556
0.056,-0.2916103430736876
0.054,-0.2604738971649567
0.076,-0.2499576141096903
0.053,-0.2073013705534913
0.05,-0.16906700636475702
0.07,-0.122222578620099
0.062,-0.07410428303693795
0.054,-0.03786320125737164
0.058,-0.0015992081857463258
0.065,0.03683219311469821
0.06,0.06773952610283485
0.052,0.09619993309902708
0.057,0.11261358273038424
0.067,0.14658644659606912
0.058,0.15850490072537138
0.088,0.17264116792602402
0.068,0.18656665123972993
0.057,0.21777641328305064
0.054,0.24019740369238352
0.058,0.263928920007515
0.054,0.28383883280713706
0.06,0.3012605792891081
0.057,0.31836156768224755
0.051,0.3326765429609635
0.067,0.3472802005196278
0.065,0.3631898017256783
0.066,0.3760567833462396
0.056,0.38846553912561355
0.073,0.39875270926028605
0.061,0.41084528920923935
0.057,0.4182502188028392
0.056,0.4250777838365418
0.05,0.4297654341918955
0.054,0.4319878295216577
0.053,0.4312042633332265
0.051,0.42669532105593544
0.055,0.4185893059253183
0.05,0.4050258210261506
0.05,0.3882685020139025
0.05,0.36724968267860514
0.05,0.34215723561514544
0.05,0.31342189311424007
0.05,0.2817768165217909
0.05,0.2483034188230009
0.05,0.21437179528302308
0.05,0.18159490086283903
0.05,0.1515536147145482
0.05,0.12579674018136533
0.05,0.10527738701296308
0.05,0.09044461653370472
0.05,0.08113346744076266
0.05,0.07663368968029571
0.05,0.07562559282968184
0.05,0.07591427510963022
0.05,0.0759555154353373
0.05,0.07491534277584044
0.05,0.0723080377394798
0.05,0.06775327287807076
0.05,0.06049497555365102
0.05,0.04974957957779025
0.05,0.03484349296394207
0.05,0.015190186635385183
0.05,-0.009631907181773758
0.05,-0.03992063528430645
0.05,-0.07575847832362692
0.05,-0.11699880403055485
0.05,-0.1631925510807255
0.05,-0.2135515710272965
0.05,-0.26694862830094446
0.05,-0.3219494760187508
0.05,-0.37689075437720265
0.05,-0.4300266229213733
0.05,-0.47972121539822155
0.05,-0.5245723607337112
0.05,-0.5635811265940532
0.05,-0.596261793587588
0.05,-0.6226235262311384
0.05,-0.6429183487373586
0.05,-0.6576915498572627
0.05,-0.6676396328694564
0.05,-0.6735599107376061
0.05,-0.6762542786837924
0.05,-0.6764467335370911
0.05,-0.6747100575989886
0.05,-0.6714199960592577
0.05,-0.6667369279623159
0.05,-0.6606150307240429
0.05,-0.6528526849743164
0.05,-0.6437706488019685
0.05,-0.6350551933025714
0.05,-0.6274669733724965
0.05,-0.6209189261019188
0.05,-0.6148199401557053
0.05,-0.6083314622444818
0.05,-0.600491218101754
0.05,-0.5904194141124395
0.05,-0.5773920534474623
0.05,-0.560854682838984
0.05,-0.540440721614055
0.05,-0.5158843987847852
0.05,-0.4869061965880507
0.05,-0.45347862147337936
0.05,-0.4158170395861307
0.05,-0.3742926138576661
0.05,-0.32936357012917383
0.05,-0.2815110455339018
0.05,-0.23123450623874497
0.05,-0.17900592486012656
0.05,-0.1250406675434057
0.05,-0.06967323915264867
0.05,-0.013632218775345928
0.05,0.04207429673788998
0.05,0.09629616052567647
0.05,0.14785114991774861
0.05,0.19563035837843
0.05,0.23886396649452646
0.05,0.27757030329968413
0.05,0.3125054414318642
0.05,0.3444437825626734
0.05,0.3738664638253608
0.05,0.4012866981620562
0.05,0.4270252436615909
0.05,0.4512974664693241
0.05,0.47419501175349255
0.05,0.4957270440309207
0.05,0.5157973358749595
0.05,0.5342455082411917
0.05,0.5508745240179074
0.05,0.565432358992453
0.05,0.5776899002442342
0.05,0.5874363638863047
0.05,0.5945205353910727
0.05,0.5988232760398287
0.05,0.5997718035310879
0.05,0.5962801226212351
0.05,0.5872897316171248
